Participant ID,/a/ Start,/a/ End,/i/ Start,/i/ End,blue Start,blue End,hard Start,hard End,away Start,away End,egg Start,egg End,lemon Start,lemon End,peter Start,peter End
BL01,18.131,21.473,22.434,26.615,0.941,3.782,4.734,6.138,7.051,8.584,9.566,11.653,12.636,14.56,15.535,17.513
BL02,21.349,25.748,27.705,31.803,0.987,3.67,4.643,6.614,7.591,9.394,10.365,12.98,13.949,15.569,17.544,19.655
BL03,22.066,26.039,27.933,32.088,1.981,4.68,5.664,7.07,8.058,9.839,10.817,12.647,13.612,15.979,16.955,19.172
BL04,17.665,20.271,21.269,24.041,1.933,4.644,5.067,6.537,7.111,9.065,9.413,11.67,12.547,14.502,14.865,16.767
BL05,18.708,21.911,22.747,25.624,0,2.909,3.76,5.612,6.431,8.202,9.022,10.889,11.709,14.815,15.651,17.873
BL06,17.725,20.678,21.493,23.627,0,2.281,3.081,4.566,5.381,7.192,8.096,10.145,11.019,13.72,14.55,16.984
BL07,16.86,20.012,20.866,23.894,0,2.097,2.981,4.678,5.562,7.589,8.473,10.199,11.113,13.14,14,15.961
BL08,15.357,17.982,18.856,22.118,0,1.927,2.829,4.316,5.19,6.677,7.565,9.233,10.107,11.941,12.829,14.455
BL09,0.656,5.247,14.471,19.418,50.155,52.3,53.323,54.928,56.572,59.242,60.63,63.219,64.081,66.482,67.195,70.418
BL10,0.479,3.375,4.93,7.825,21.845,24.261,25.041,26.635,26.995,28.829,29.44,31.675,32.425,34.891,35.561,37.456
BL11,0.684,5.425,6.909,11.871,40.055,42.238,42.734,44.145,44.804,46.46,46.94,48.889,49.369,51.187,51.578,53.421
BL12,9.054,13.369,13.661,18.671,40.955,45.163,45.902,48.452,49.446,52.06,52.48,54.903,55.0935,57.414,57.732,61.392
BL13,14.484,19.098,19.369,23.938,0.267,2.891,3.071,4.896,5.137,6.917,6.991,9.133,9.313,11.62,11.921,14.259
BL14,11.704,13.982,14.166,16.301,0.017,2.09,2.223,3.373,3.567,5.754,5.825,7.58,7.641,9.581,9.662,11.54
BL16,12.278,15.279,15.706,18.706,0.117,2.469,2.61,4.447,4.225,6.05,6.159,8.094,8.257,10.324,10.466,12.224
BL17,0.589,3.421,4.399,7.301,8.348,10.481,12.071,13.767,15.042,16.702,18.205,19.953,21.263,23.291,24.793,26.839
BL18,0.366,3.176,4.755,7.899,8.605,10.875,12.008,13.646,15.449,17.886,18.926,20.638,21.883,24.432,25.565,28.133
BL19,0.161,3.75,4.645,8.839,9.839,12.26,15.179,17.391,18.851,20.666,21.625,23.253,24.357,26.653,27.716,30.199
BL20,0.165,4.413,5.309,9.707,10.347,13.528,14.445,17.157,18.01,20.53,20.617,24.756,25.673,29.026,29.942,33.994
BL21,0.086,2.887,4.241,7.188,8.651,11.342,12.33,14.234,15.496,17.327,18.314,20.292,21.535,23.824,25.031,27.96
LA1001,0.813,5.11,6.103,9.434,10.351,12.688,12.688,14.445,15.766,17.65,18.527,20.749,21.79,23.626,24.522,26.589
LA1002,0.994,3.77,5.117,7.469,8.624,10.773,11.986,13.307,14.548,16.187,17.217,19.135,20.425,22.188,23.045,24.684
LA1003,1.006,4.256,5.362,8.363,10.442,12.771,13.805,15.637,16.712,18.606,19.547,21.659,22.652,24.587,25.496,27.474
LA1005,0,3.754,4.659,8.614,9.52,11.414,12.619,13.782,14.89,16.256,17.294,18.836,19.768,21.425,22.278,23.687
LA1009,0,4.166,5.062,9.495,10.392,12.738,13.803,15.397,17.169,19.503,20.961,22.903,23.934,26.325,27.951,29.825
LA2001,1.511,5.598,7.198,11.008,11.91,14.375,15.124,16.716,17.659,19.58,20.154,22.567,23.182,25.123,25.646,27.567
LA2004,0.425,2.911,5.649,8.63,9.401,13.119,13.95,16.702,17.847,20.466,21.419,24.17,26.028,29.25,30.021,33.099
LA2007,0.485,3.973,5.533,8.731,9.526,11.594,11.637,13.199,13.34,14.82,15.028,16.828,16.938,18.679,18.76,20.367
LA5003,1.078,3.81,4.264,7.638,9.323,12.21,12.851,14.796,15.685,17.362,18.271,20.983,21.861,24.252,25.058,27.479
LA7003,0.175,2.916,3.112,5.736,5.782,8.586,8.625,10.736,10.995,13.492,13.783,16.516,16.665,18.958,19.138,21.469
LA7004,0.041,4.544,5.311,8.587,9.109,11.42,11.522,13.185,13.564,15.329,15.652,17.413,17.702,19.76,19.965,21.708
LA7005,0.141,3.036,3.691,6.026,6.71,8.965,9.435,10.894,11.445,13.295,13.736,15.938,16.262,18.17,18.743,20.615
LA7006,0.19,3.874,5.826,9.014,10.369,14.01,14.715,16.933,17.362,20.021,20.34,23.396,23.67,26.77,27.42,29.881
LA7007,0.243,2.357,3.191,5.123,5.431,7.617,7.7,9.342,9.553,11.194,11.544,13.131,13.342,14.965,15.182,16.581
LA7008,0.192,2.555,2.995,5.285,5.693,7.93,8.166,9.631,9.822,11.419,11.602,13.615,13.858,15.758,15.988,18.04
LA7009,0.112,2.625,3.099,5.28,5.993,8.965,9.047,10.907,11.294,12.257,,,,,12.81,14.88
LA7011,0.445,2.73,3.596,5.704,5.971,8.396,8.502,10.497,10.799,12.583,13.089,15.078,15.479,17.467,17.79,19.337
LA7012,0.797,5.017,16.91,21.057,31.618,33.621,34.093,35.695,36.453,38.209,38.835,40.872,41.707,43.573,44.144,46.12
LA8001,0.856,3.842,11.942,14.658,22.424,24.741,25.43,27.12,28.175,30.302,30.999,32.846,34.042,35.968,36.355,38.282
LA8002,0.794,3.673,13.002,15.438,24.427,26.371,27.293,29.231,30.308,31.967,32.857,34.534,35.199,37.474,38.439,40.397
LA9002,0.722,4.175,5.614,8.746,9.752,11.904,12.458,13.968,14.67,16.311,17.385,19.043,19.649,21.428,21.852,23.666
LA9003,0.335,3.376,6.512,9.467,11.385,13.504,13.993,15.651,16.199,18.034,18.66,20.779,21.406,23.397,24.122,26.084
LA9004,0.469,3.626,3.71,6.936,7.127,9.089,9.87,11.288,12.107,13.633,14.398,16.153,16.934,18.666,19.447,21.021
LA9006,2.37,5.415,17.427,20.234,31.8,34,34.588,35.948,36.641,38.446,39.383,41.461,42.017,43.747,44.486,46.302
LA9007,1.072,4.193,15.605,18.792,28.841,31.645,32.836,34.247,34.696,36.444,37.423,39.234,39.676,41.65,42.223,44.153
LA9008,1.085,4.238,13.018,15.951,25.619,28.036,29.378,30.982,32.068,33.763,34.695,36.44,36.785,38.754,39.207,41.547
LA9009,1.85,4.747,13.405,16.036,24.405,26.345,26.872,28.075,29.327,30.738,31.891,33.457,34.529,36.101,37.162,38.697
LA9010,0.632,3.308,4.965,8.326,9.717,12.404,12.922,14.946,15.918,17.908,19.255,21.489,22.637,25.181,26.329,28.64
LA9011,0.872,3.811,5.431,7.944,8.458,10.486,11.553,12.879,14.352,15.975,17.339,19.209,20.493,22.452,23.757,25.192
LA9012,1.619,4.416,6.665,9.388,11.463,14.497,15.577,17.791,19.12,21.371,22.314,24.727,25.683,28.158,29.064,31.24
LA9013,0.884,3.426,7.282,9.729,11.88,14.692,15.902,17.361,18.724,20.301,21.347,23.371,24.546,26.51,27.497,29.403
LA9014,1.056,3.58,6.681,9.008,11.438,13.58,15.176,16.682,18.197,20.247,21.669,23.534,25.107,26.694,28.22,29.819
LA9015,1.864,4.968,6.784,9.866,12.004,13.756,15.184,16.504,18.298,19.829,21.534,23.242,24.903,26.4,27.707,29.16
LA9016,1.127,3.56,6.463,8.788,10.791,13.042,14.048,15.667,16.662,18.184,19.191,21.056,22.062,23.97,24.944,26.594
LA9017,1.949,4.497,6.402,8.9,11.06,13.241,14.942,16.431,17.551,19.152,20.079,21.792,22.841,24.452,25.5,26.959
LA9018,1.369,3.945,7.568,10.168,12.705,14.976,16.476,17.819,19.904,21.577,23.443,25.14,26.835,28.374,30.057,31.583
LA9019,1.894,5.054,6.092,9.056,10.881,13.101,14.324,16.009,17.517,19.027,20.349,22.361,23.508,25.597,26.799,28.757
LA9020,0,2.437,3.406,5.63,6.971,9.151,9.784,11.061,11.709,13.285,13.954,15.523,16.083,17.731,18.248,19.722
LA9021,0,2.377,3.296,5.517,6.463,8.399,8.926,10.219,11.01,12.594,13.1,14.556,14.86,16.397,16.822,18.129
LA9022,0,2.793,3.714,6.73,7.692,9.633,10.554,11.71,12.744,14.06,14.925,16.433,17.411,19.152,20.049,21.413
LA9023,0,2.63,3.585,6.059,7.015,9.062,9.62,10.828,11.452,12.94,13.403,15.295,15.794,17.473,17.907,19.747
LA9024,0,2.356,3.315,6.098,7.041,8.776,9.447,10.599,11.247,12.591,13.203,14.716,15.741,17.816,18.56,19.845
LA9025,0,2.693,3.603,5.955,6.906,9.275,9.705,11.196,11.973,13.762,14.556,16.411,17.495,19.359,20.575,22.298
LA9026,0,3.187,4.146,7.419,8.387,10.047,10.999,11.929,12.905,14.025,14.985,16.376,17.336,19.004,19.98,21.14
LA9027,,,0,3.669,4.612,6.741,7.119,9.735,10.329,12.04,12.526,15.119,15.474,17.618,18.561,20.558
LA90026,0.976,4.244,14.364,17.716,28.797,30.458,31.89,32.894,34.597,35.778,37.399,38.851,40.491,42.196,43.287,44.493
LA10001,0.873,4.337,6.513,10.319,11.458,14.3,15.512,16.819,17.679,19.401,20.478,22.252,23.318,24.968,25.9,27.498
NYU1001,16.666,21.79,,,3.764,5.82,6.404,8.103,1.081,2.708,9.144,10.829,11.842,13.741,14.083,15.596
NYU1002,21.385,22.805,,,3.461,7.06,8.236,10.658,0.957,2.715,11.718,14.024,15.035,17.092,18.102,20.64
NYU1003,16.961,18.91,,,3.713,5.78,6.761,8.382,1.007,2.747,9.303,11.089,12.099,14.003,14.611,16.545
NYU1004,22.12,26.692,,,18.114,21.165,0,1.89,14.242,17.143,2.895,5.527,6.666,8.98,9.968,13.539
NYU1005,18.113,22.025,,,2.942,5.211,6.164,7.949,0,1.975,8.944,10.812,11.793,13.606,14.573,17.188
NYU1006,16.617,21.839,,,2.656,4.728,5.838,7.718,0,1.684,8.718,10.378,11.378,13.121,14.162,15.658
NYU1007,16.325,19.865,,,2.454,4.638,5.622,7.22,0,1.519,8.204,9.877,10.874,12.534,13.556,15.378
NYU1008,17.616,20.422,,,2.792,5.434,6.459,8.32,0,1.831,9.281,11.077,12.038,13.95,14.936,16.656
NYU1009,0,4.901,,,17.834,19.785,20.375,22.165,15.512,17.333,22.796,24.278,24.633,26.237,26.608,28.131
NYU1010,0,3.789,,,13.248,15.293,16.225,17.514,10.942,12.446,18.082,19.502,20.518,22.367,23.159,25.269
NYU1011,3.945,8.221,,,20.059,22.496,23.283,25.301,17.656,19.406,26.014,27.917,28.725,30.921,31.687,33.757
NYU1012,0.52,4.764,,,16.197,18.648,19.158,20.786,28.052,29.867,20.858,22.861,23.548,25.363,25.518,27.49
NYU1013,11.43,16.89,,,1.736,3.996,4.122,5.322,0.039,1.652,5.438,7.21,7.431,9.32,9.5,10.964
NYU1014,12.014,18.003,,,1.749,4.158,4.27,5.786,0.064,1.693,5.807,7.775,7.842,10.059,10.16,11.969
NYU1015,11.883,15.957,,,1.827,4.121,4.2,5.85,0.057,1.687,5.98,8.103,8.213,10.245,10.365,11.814
NYU1016,0.333,4.045,,,6.926,9.092,10.342,11.946,4.536,6.084,13.617,15.629,16.555,18.398,19.887,21.701
NYU1017,0.244,5.662,,,9.902,12.255,13.347,15.071,7.218,9.008,15.866,17.805,18.715,20.638,21.465,23.222
NYU1018,0.047,4.297,,,9.386,12.705,13.88,16.181,5.261,8.176,17.321,19.657,20.885,23.747,24.448,27.311
NYU1019,0,3.484,,,7.236,9.379,10.283,11.642,4.754,6.039,12.746,14.663,15.434,17.245,17.962,19.707
NYU1020,0.356,6.783,7.45,10.826,14.507,16.837,17.522,18.985,11.872,13.786,20.554,22.703,23.099,25.032,25.482,27.787
NYU1022,0.504,2.482,,,3.013,7.053,7.562,12.028,12.771,16.833,17.47,22.042,22.338,26.74,27.505,33.267
NYU1023,0.131,4.853,,,5.423,7.905,9.017,10.882,12.144,13.799,14.865,16.926,18.308,20.489,21.435,23.376
NYU1024,0.274,3.749,,,4.556,6.377,7.891,9.105,10.431,11.758,12.831,14.373,15.446,17.076,18.086,19.464
NYU1025,0.57,3.531,,,4.103,6.047,7.024,8.59,9.553,11.237,12.279,14.196,15.265,17.391,18.394,20.194
NYU1026,0,2.859,,,3.539,6.449,7.624,9.93,10.951,13.366,14.417,17.265,18.285,21.009,21.829,23.748
NYU1027,0.065,3.317,,,4.149,6.032,6.704,7.891,9.225,10.617,11.335,12.887,13.537,15.226,15.932,17.279
NYU1028,0.108,3.437,,,4.495,6.664,7.61,9.069,10.102,11.524,12.495,13.991,14.95,16.583,17.53,19.113
NYU1029,0.053,2.802,,,3.9,6.056,7.096,9.354,10.596,12.159,13.113,14.979,15.962,18.522,19.592,22.037
NYU1030,0.964,5.21,,,6.249,8.629,9.583,11.108,12.104,13.7,14.711,16.45,17.488,19.27,19.996,21.72
PT001,0.82,3.326,,,3.991,6.545,7.891,9.954,11.57,13.236,15.217,17.533,19.101,21.592,23.018,25.25
PT002,0.159,3.198,,,4.324,7.23,7.881,10.046,11.246,13.07,14.195,16.849,17.723,20.614,21.34,23.519
PT003,0.13,3.823,,,3.893,6.205,6.388,8.016,8.27,9.938,10.162,12.127,12.371,14.203,14.314,15.992
PT004,0.063,1.325,,,1.418,3.476,3.636,5.93,6.005,7.873,7.957,9.655,10.099,12.1,12.544,14.838
PT005,17.849,19.621,,,0,2.153,3.089,4.815,5.836,7.833,8.658,10.531,11.282,13.488,13.993,16.002
PT006,0,1.975,,,2.018,3.925,4.429,6.177,6.362,7.843,7.984,9.776,9.996,11.93,12.345,14.117
PT007,0.406,4.085,,,4.574,8.048,8.631,10.495,11.441,14.237,15.072,18.01,18.735,21.704,22.114,24.578
PT008,20.669,22.258,,,1.959,4.631,5.655,7.302,8.124,10.059,11.011,13.279,14.317,16.83,17.623,19.588
PT009,20.43,23.842,,,1.911,4.575,5.618,7.877,8.889,10.992,12.035,13.827,14.683,16.88,17.813,19.45
PT010,18.036,24.3,,,0.965,2.953,3.905,5.56,6.401,8.15,9.088,11.123,12.044,14.175,15.064,17.1
PT011,16.627,18.11,,,1.407,3.447,4.288,5.778,6.786,8.305,9.034,10.65,11.352,13.086,13.913,15.64
PT012,11.933,15.294,,,1.776,3.7,4.673,7.06,7.956,11.412,,,,,,
PT013,17.247,19.502,,,0.852,3.219,4.203,6.263,7.255,8.935,9.919,11.286,12.255,13.823,14.807,16.218
PT014,18.302,22.661,,,,,0.961,3.313,4.281,6.475,7.354,9.825,10.763,13.353,14.29,17.364
PT015,20.946,24.117,,,0.92,3.552,4.558,6.537,7.525,9.662,10.633,12.823,13.803,16.188,17.158,20.452
PT016,17.624,19.595,,,0.895,3.291,4.168,5.594,6.6,8.124,8.957,10.715,11.692,13.511,14.54,16.966
PT017,25.159,27.959,,,1.002,4.822,5.852,8.662,9.629,12.44,13.228,16.185,17.91,20.773,21.677,23.95
PT018,18.652,21.583,,,1.063,3.373,4.45,5.969,7.037,8.638,9.649,11.307,12.318,14.702,15.762,17.567
PT019,17.305,19.001,,,0.503,2.813,3.74,5.47,6.411,8.051,8.984,10.694,11.67,13.672,14.585,16.35
PT020,19.58,21.964,,,0.82,3.163,4.178,5.98,6.978,8.707,9.664,12.195,13.193,15.716,16.542,18.713
PT022,18.612,20.971,,,0.767,3.055,4.121,6.008,7.035,8.504,9.547,11.58,12.854,14.726,15.722,17.678
PT023,17.315,20.441,,,1.038,3.394,4.461,5.774,6.84,8.459,9.526,11.246,12.235,14.065,15.077,16.695
PT024,16.22,20.387,,,0.636,2.415,3.437,4.811,5.849,7.326,8.365,9.976,10.975,12.563,13.546,15.237
PT025,19.486,22.91,,,1.251,3.901,4.904,6.401,7.209,9.05,10.184,12.332,13.449,15.571,16.652,18.457
PT026,21.401,24.365,,,1.156,3.912,4.52,6.784,7.856,9.721,10.838,13.529,14.51,17.22,17.937,20.075
PT027,20.599,27.246,,,0.653,3.386,4.376,6.418,7.458,9.391,10.411,12.964,13.683,15.876,16.486,19.789
PT028,18.078,20.788,,,0.395,2.426,3.382,5.182,6.13,9.056,9.58,11.788,12.243,14.729,15.199,17.624
PT029,17.387,20.642,,,0.994,3.131,3.839,5.196,5.471,7.308,8.166,10.484,11.224,13.715,14.321,16.387
PT030,18.266,20.937,,,1.02,3.498,4.155,5.936,6.953,8.766,9.711,11.653,12.606,15.132,16.086,17.466
PT031,15.737,18.066,,,0.578,2.42,3.44,5.178,6.261,7.769,8.811,10.368,11.27,12.987,13.542,15.016
PT032,25.39,27.179,,,1.184,5.13,6.033,8.593,9.547,11.942,12.588,15.939,16.78,19.833,20.777,24.426
PT033,16.028,17.604,,,0.983,2.753,3.791,4.955,6,7.396,8.486,9.772,11.747,13.233,14.226,15.557
PT034,18.97,21.367,,,1.861,4.195,5.1,6.599,7.598,9.168,10.12,11.863,12.808,14.826,15.771,17.837
PT036,23.541,27.284,,,0.101,3.225,4.567,6.686,8.037,11.101,12.005,14.92,15.764,18.421,18.967,21.683
PT037,16.612,18.099,,,0,2.476,2.985,4.584,5.273,7.025,7.468,9.299,9.623,11.58,12.143,14.704
PT038,18.062,22.002,,,0,2.24,2.849,4.333,5.311,7.308,8.278,10.276,11.004,13.434,14.26,16.756
PT039,27.372,38.116,,,0,4.297,5.268,8.465,9.145,12.174,12.896,16.467,17.022,21.121,21.912,25.456
PT040,14.025,15.584,,,0,2.03,2.21,3.728,4.477,6.125,6.368,8.073,8.396,10.43,10.679,12.083
PT041,21.337,25.23,,,0,3.231,4.214,7.774,8.481,10.33,11.203,13.898,14.9,17.439,17.723,19.48
PT042,14.139,19.589,,,0,1.937,2.243,3.751,4.407,5.971,6.399,8.121,8.584,10.313,10.647,12.248
PT043,21.456,23.961,,,0,2.559,4.43,5.924,7.347,8.938,11.186,12.979,14.665,16.704,17.661,19.56
PT044,21.35,24.242,,,0,3.148,3.775,5.578,5.931,7.937,8.917,11.693,12.346,14.644,15.677,19.424
PT045,24.865,27.805,,,0,2.739,3.927,5.82,6.398,9.938,11.066,14.179,14.849,17.779,19.679,22.649
PT046,22.974,24.59,,,0,2.97,3.721,5.757,6.661,9.315,10.318,13.447,14.056,17.489,18.143,21.084
PT047,20.196,22.559,,,0,1.803,3.274,4.747,7.525,9.097,10.247,11.752,12.491,15.494,16.323,18.322
PT048,16.129,18.646,,,0,2.394,3.114,4.624,5.112,6.799,7.008,9.048,9.72,11.896,12.54,14.227
PT049,18.083,21.094,,,0.086,2.483,2.483,4.267,4.797,7.615,7.653,9.478,9.908,13.774,14.304,16.091
PT050,20.554,24.741,,,0.119,2.212,3.104,4.764,6.134,7.885,9.696,11.573,13.213,15.451,16.856,18.616
PT051,19.866,21.931,,,0.121,3.144,3.894,5.726,6.796,9.459,9.914,11.865,12.584,14.879,15.549,17.948
PT052,14.692,17.019,,,0.282,2.184,2.768,3.908,4.636,6.049,7.074,9.136,10.081,11.927,12.639,14.084
PT053,16.098,19.134,,,0.186,2.132,2.517,4.463,6.524,8.135,8.578,10.205,10.473,12.787,13.08,15.252
PT054,25.138,27.997,,,0.142,3.421,4.516,6.757,7.992,10.769,13.859,15.656,16.612,21.057,21.966,24.148
PT055,14.589,16.791,,,0.291,2.248,2.581,4.107,4.633,6.062,6.314,7.906,8.247,10.307,10.589,12.642
PT056,17.913,22.641,,,0,2.411,3.094,5.127,5.722,7.59,8.207,10.317,10.846,12.978,14.91,16.921
PT057,15.561,17.787,,,0,2.271,2.86,4.404,5.136,6.79,7.372,9.325,10.29,12.152,12.715,14.576
PT058,23.742,24.982,,,0,3.231,4.261,6.886,7.863,10.023,11.029,13.477,14.486,16.756,17.776,20.474
PT060,18.261,22.001,,,0,2.529,3.546,5.72,6.698,8.559,9.424,11.55,12.351,14.485,15.447,17.316
PT061,0.089,1.859,,,2.516,5.461,5.563,7.888,8.795,10.395,11.278,13.377,14.034,16.264,16.928,19.831
PT062,0.072,1.733,,,2.238,4.092,4.547,5.867,6.823,8.572,8.873,10.567,10.907,12.678,13.271,15.003
PT063,0.034,3.621,,,4.149,6.898,8.483,9.907,10.841,12.655,13.549,15.55,18.785,19.445,19.932,22.299
PT064,0.032,3.554,,,3.677,6.181,6.689,8.254,9.309,11.012,12.113,14.202,15.272,17.715,18.739,20.543
PT065,0.076,2.75,,,3.699,5.265,6.447,8.562,9.66,12.036,13.302,17.205,18.387,21.285,22.28,25.504
PT066,0.358,1.961,,,2.246,4.654,5.807,7.209,8.485,10.235,11.511,13.741,14.809,16.76,17.951,20.39
PT067,0.092,2.794,,,3.01,5.901,6.334,9.677,10.688,13.453,13.813,16.967,17.481,21.52,22.693,24.708
PT068,0.115,2.402,,,2.572,5.054,6.33,7.933,9.152,11.683,12.658,14.928,16.277,18.857,19.718,22.192
PT069,0.055,3.198,,,3.305,5.306,5.816,7.259,7.774,9.403,9.937,11.548,12.172,14.221,14.923,16.402
PT070,0.044,3.665,,,3.69,7.143,7.766,9.598,10.576,13.346,13.843,16.705,17.277,20.224,20.653,22.967
PT071,0.062,2.71,,,3.313,5.37,5.994,7.501,8.308,10.04,10.785,12.958,13.5,15.435,16.045,18.258
PT072,0.063,3.197,,,3.474,5.861,6.422,8.579,9.201,11.389,12.404,14.353,15.252,18.217,18.909,20.65
PT073,0.298,3.048,,,3.857,5.616,6.154,7.647,8.24,9.609,10.623,12.24,12.765,14.573,15.036,16.733
PT074,0.027,3.055,,,4.052,6.736,7.683,9.772,10.953,12.74,13.729,15.457,16.505,19.39,20.438,22.946
PT075,0.091,3.495,,,4.539,6.955,8.039,9.628,11.176,12.797,14.011,15.657,17.033,19.092,20.274,22.115
PT076,0.24,3.672,,,4.751,7.14,8.494,10.682,11.962,14.269,15.284,17.719,18.724,21.544,22.531,24.957
PT077,0.189,4.14,,,4.581,7.318,8.345,10.028,11.31,13.503,14.539,16.485,17.529,20.198,21.191,23.257
PT078,0.037,1.633,,,2.202,4.094,4.645,6.348,7.462,8.922,9.401,11.152,11.388,13.287,13.76,15.615
PT079,0.081,1.516,,,1.621,3.589,3.823,5.285,5.822,7.145,7.682,9.405,9.921,11.607,12.139,14.235
PT080,0.231,3.274,,,3.451,5.924,6.634,8.685,10.261,12.009,12.978,15.584,16.287,18.123,18.411,20.004
PT081,0.075,0.717,,,1.348,4.418,5.507,7.898,9.225,12.084,12.55,15.775,16.864,20.621,22.021,24.468
PT082,0.111,2.644,,,3.628,6.339,6.892,8.618,8.883,11.019,11.538,13.394,13.975,16.343,16.623,18.389
PT083,0.061,1.906,,,2.942,5.521,5.659,7.781,9.175,11.086,11.574,13.558,13.749,15.918,16.161,17.735
PT084,0.147,1.137,,,2.922,5.23,5.781,7.606,8.165,9.867,10.424,13.133,13.898,16.95,17.623,20.744
PT085,0.065,2.715,,,3.047,4.953,5.895,7.836,8.777,10.492,10.902,13.021,13.736,16.102,16.732,18.907
PT086,0.254,1.781,,,2.214,4.398,5.368,6.834,7.563,9.132,9.776,11.58,11.959,14.234,14.619,16.513
PT087,0.28,2.582,,,6.139,10.023,10.646,13.293,14.194,16.276,17.262,19.699,20.801,23.832,24.061,26.075
PT088,0.113,1.993,,,2.282,4.601,4.927,8.501,9.02,10.759,11.301,14.437,14.911,17.319,18.12,20.112
PT089,0.171,3.482,,,4.145,7.624,8.372,12.642,13.252,16.395,17.269,19.821,20.684,24.427,25.291,28.538
PT090,0,3.173,,,3.452,5.86,6.127,7.609,7.87,9.352,9.858,11.136,11.554,13.467,13.694,15.671
PT091,0.135,3.891,,,4.97,7.031,7.578,9.1,10.012,12.63,13.452,15.48,16.268,18.363,19.085,21.935
PT092,0.243,4.444,,,5.153,6.914,8.031,9.49,10.139,11.439,12.239,13.72,14.731,16.576,17.791,19.62
PT093,0.15,1.752,,,2.373,4.855,5.515,7.156,7.887,9.657,10.401,12.404,13.174,15.048,15.98,17.717
PT094,0,1.231,,,1.283,3.582,4.281,5.787,6.474,7.962,8.708,10.396,11.03,12.942,13.711,15.299
PT095,0.173,2.035,,,2.193,4.795,5.444,6.783,7.802,9.224,10.045,12.053,13.034,14.762,15.838,17.343
PT096,0.218,0.897,,,1.366,3.37,3.844,5.216,6.135,7.572,7.86,9.368,9.796,11.557,11.895,13.56
PT097,0,2.672,,,2.876,5.576,6.276,8.252,9.023,11,11.778,13.974,14.696,17.012,17.698,19.429
PT098,0,4.611,,,4.957,7.089,7.599,8.716,9.607,10.956,11.935,13.495,14.441,16.219,17.048,18.452
PT099,0.05,1.731,,,2.562,5.317,6.164,8.636,9.661,12.133,12.77,15.542,16.316,18.95,19.635,22.158
PT100,0.075,2.454,,,3.097,5.617,5.978,7.868,8.652,10.779,11.681,13.927,14.874,17.082,17.866,19.763
PT101,0.394,3.295,,,3.564,5.463,5.935,7.392,7.907,9.419,9.934,11.581,12.065,13.829,14.264,15.758
PT102,0.182,1.747,,,2.869,3.847,4.549,6.433,7.192,9.286,10.197,12.24,12.963,15.933,16.917,19.867
PT103,0.488,1.593,,,2.104,3.851,4.448,5.602,6.155,7.435,7.872,9.335,9.768,11.39,11.813,13.102
PT104,0,5.325,,,6.016,9.276,10.206,12.358,13.351,15.352,,,29.039,30.814,32.524,33.984
PT106,0.279,3.353,,,3.739,5.863,6.804,8.766,9.294,11.329,11.763,13.629,14.435,16.478,16.958,18.492
PT107,0.394,2.933,,,3.554,5.587,6.05,7.648,8.317,9.992,10.161,11.689,12.169,13.938,14.043,16.029
PT108,0.457,3.958,,,4.397,6.854,7.39,9.436,9.861,12.474,12.838,14.69,14.943,17.803,17.921,20.476
PT109,0,2.587,,,3.101,4.563,5.235,6.24,7.185,8.653,9.484,11.416,12.285,14.141,15.106,17.019
PT110,0.448,5.106,,,6.037,8.539,8.669,10.179,10.886,12.573,12.865,15.298,15.928,18.446,19.031,20.925
PT111,0.158,3.152,,,3.551,5.427,5.914,7.115,7.867,9.881,10.23,11.991,12.454,14.396,14.51,16.5
PT112,0.135,1.351,,,1.65,3.785,3.893,5.17,5.722,7.429,7.697,9.501,9.929,11.858,12.426,14.034
PT113,0.251,2.657,,,3.68,5.73,6.389,8.102,9.348,10.919,11.369,13.25,13.626,15.649,16.288,18.385
PT114,14.269,15.838,,,0.07,2.807,3.049,5.011,5.102,7.613,7.716,9.782,9.856,11.83,12.049,13.987
PT115,16.263,19.967,,,0.322,3.078,3.442,5.564,5.716,8.152,8.406,10.885,11.205,13.698,13.909,16.009
PT116,14.659,16.672,,,0.026,2.902,3.188,5.135,5.323,7.172,7.287,9.876,10.034,11.901,12.016,14.458
PT117,18.37,20.2,,,0,3.578,3.874,6.459,6.694,9.368,9.471,13.085,13.469,15.75,16.127,17.964
PT118,11.455,12.403,,,0,1.926,1.989,3.468,3.64,5.206,5.391,6.939,7.134,9.382,9.681,11.156
PT119,9.772,11.232,,,,,0.14,1.574,1.929,3.473,3.656,5.573,5.887,7.73,8.077,9.343
PT120,12.851,15.359,,,0.125,2.554,2.683,4.857,4.901,6.475,6.615,8.75,8.856,11.041,11.097,12.603
PT121,13.228,16.382,,,0.223,2.502,2.693,4.727,4.935,6.813,7.034,8.738,9,11.262,11.333,13.049
PT122,13.351,15.39,,,0.04,2.343,2.454,4.173,4.256,6.262,6.362,8.625,8.72,11.152,11.201,13.156
PT123,,,,,,,0.172,4.306,,,,,,,,
PT124,17.637,20.356,,,0.365,3.809,4.327,6.146,6.553,8.742,9.098,11.332,11.739,14.389,14.67,17.045
PT125,15.777,18.916,,,0.236,2.879,3.381,5.348,5.768,7.942,8.03,10.535,10.597,13.211,13.383,15.688
PT126,15.079,15.729,,,0.196,3.439,3.594,5.555,5.674,8.481,8.589,10.533,10.578,12.7,12.808,14.85
PT127,13.681,15.314,,,0.202,2.514,2.619,4.3,4.366,6.432,6.559,8.765,8.859,11.199,11.404,13.387
PT128,8.678,10.862,,,0.084,1.827,1.96,2.848,3.053,4.273,4.363,5.599,5.674,7.286,7.344,8.505
PT129,10.331,13.366,,,0.104,2.101,2.384,3.594,3.71,5.179,5.266,6.667,6.832,8.599,8.657,10.278
PT130,13.202,13.798,,,0.152,2.825,3.031,4.676,4.736,6.713,6.914,8.841,8.875,11.246,11.291,13.152
PT131,18.509,20.029,,,0.178,3.506,3.926,6.095,6.596,9.983,10.314,13.464,13.67,16.245,16.502,18.318
PT132,12.492,15.831,,,0.286,2.443,2.786,4.389,4.616,6.207,6.538,8.438,8.588,10.454,10.616,12.23
PT133,11.436,12.528,,,0.271,2.134,2.454,3.826,4.127,5.802,5.902,7.645,7.796,9.709,9.845,11.336
PT134,10.463,14.893,,,0.174,2.097,2.408,3.638,3.782,5.174,5.324,6.794,6.938,8.654,8.743,10.101
PT135,13.248,14.528,,,0.112,2.517,2.781,4.379,4.585,6.352,6.648,8.612,8.834,10.984,11.232,13.196
PT136,12.887,15.078,,,0.078,2.701,2.877,4.542,4.763,6.765,6.842,8.729,8.844,10.941,11.117,12.683
PT137,12.683,14.474,,,0.075,2.328,2.433,3.932,3.979,5.731,5.899,7.968,8.073,10.3,10.388,12.542
SJ1001,0.206,3.872,4.753,9.059,10.506,12.437,13.318,14.59,15.907,17.531,18.57,20.38,21.103,22.672,23.441,25.094
SJ1002,0.183,4.074,4.627,9.283,10.471,12.84,13.847,15.48,16.225,18.171,19.329,21.476,22.352,24.519,25.566,27.209
SJ1003,0.351,4.19,4.899,9.219,9.94,12.539,13.441,15.535,16.749,18.928,20.683,23.463,25.279,28.347,29.574,32.51
SJ1004,0.071,3.29,3.968,7.168,7.875,10.543,11.576,13.328,14.538,16.359,17.234,20.946,21.594,23.908,24.261,26.476
SJ2001,0.476,4.989,6.028,10.217,11.46,13.755,14.255,15.547,16.27,17.859,18.489,20.329,20.755,22.604,23.234,25.157
SJ2002,0.146,6.398,7.318,11.609,12.845,14.843,14.941,16.297,16.684,18.184,18.771,20.352,20.505,22.249,22.383,23.694
Sj2003,0.335,5.16,5.875,11.768,12.159,14.454,15.032,16.807,17.346,19.023,19.542,21.219,21.699,23.729,24.257,26.249
SJ2004,0.838,5.854,7.069,12.328,13.626,15.765,17.013,18.631,19.835,21.171,22.321,24.037,24.742,26.632,27.456,29.324
SJ2005,0.074,4.811,5.704,11.208,12.154,13.815,14.355,15.8,16.34,17.694,18.181,19.688,20.147,21.79,22.213,23.441
SJ2006,0.44,6.203,6.684,12.436,14.918,17.63,18.209,19.795,20.527,22.321,22.812,24.815,25.207,27.439,27.733,29.801
SJ2007,0.293,6.63,7.424,13.181,14.656,17.169,18.317,20.261,22.065,24.376,25.7,27.759,29.058,31.545,32.137,34.158
SJ2008,1.087,6.84,7.528,14.493,16.737,19.072,20.244,21.776,22.719,24.506,24.436,27.503,28.522,31.304,32.106,33.906
SJ2009,0.391,5.025,6.077,11.1,11.897,13.92,14.574,16.217,16.918,18.372,19.111,20.831,21.38,23.137,23.564,25.15
SJ2010,0.527,6.989,7.992,12.707,13.219,15.595,16.552,17.98,19.04,20.833,21.688,23.881,24.953,27.43,28.502,30.649
SJ2011,0.245,5.663,6.589,11.375,12.312,15.496,15.684,17.593,18.108,20.565,21.07,23.537,23.947,26.33,26.634,28.915
SJ2012,0.112,5.36,6.536,10.783,12.487,15.26,16.634,18.593,19.098,20.991,21.529,23.476,24.685,26.853,27.402,29.152
SJ2013,0.259,4.061,5.699,9.816,10.92,13.045,14.111,15.656,16.75,18.161,18.599,20.267,21.542,23.906,24.362,26.001
SJ2014,0.153,4.413,5.888,11.313,12.041,13.847,14.06,15.608,16.087,17.6,17.883,19.476,19.831,21.512,21.831,23.45
SJ2015,0.97,3.903,4.907,8.384,9.047,10.965,12.135,13.464,14.615,16.156,17.464,19.152,20.368,22.186,23.402,25.007
SJ2016,0.062,4.37,5.789,10.477,11.525,13.185,14.404,15.594,16.802,18.122,19.441,20.871,22.049,23.709,24.997,26.348
SJ2017,0.042,3.82,8.171,11.727,12.806,14.968,16.005,17.642,18.606,20.442,21.227,23.263,23.838,25.821,26.229,27.919
SJ4001,0.086,4.415,4.795,10.461,10.824,12.714,13.178,14.661,15.177,16.753,17.26,19.107,19.326,21.174,21.621,23.197
Sj4002,0.872,4.452,6.278,10.021,12.021,14.72,15.665,17.689,18.667,20.571,21.332,23.519,24.279,26.554,27.336,29.371
Sj4003,0.373,2.957,3.93,7.429,8.32,11.634,13.22,15.202,16.302,18.643,19.58,22.558,23.704,26.729,27.295,30.273
Sj4004,0.669,3.667,4.748,7.636,9.691,12.131,13.672,15.477,16.744,18.725,19.73,21.557,23.273,25.341,26.51,29.07
Sj4005,0.292,3.9,5.624,9.727,11.27,13.888,14.985,16.82,17.241,19.426,20.727,23.334,24.744,27.351,28.81,31.73
Sj4006,0,3.672,4.308,8.874,9.899,12.401,14.275,16.305,17.708,19.726,21.081,23.441,25.15,27.522,29.326,31.379
Sj4007,0.192,4.316,6.164,10.967,11.673,13.115,14.274,15.544,16.467,17.845,18.66,20.147,20.807,22.494,23.154,24.623
Sj4008,0.454,4.834,5.331,10.532,11.417,13.64,14.183,15.76,16.377,18.084,18.581,20.288,20.748,22.805,23.2,24.658
Sj4009,1.338,5.58,6.515,10.178,11.166,13.25,14.165,15.702,16.669,18.059,18.952,20.469,21.793,23.762,24.455,25.929
Sj5001,1.052,5.472,6.752,10.918,11.944,13.934,14.927,16.574,17.733,19.269,20.307,22.175,23.201,25.025,26.04,27.82
SJ5002,0.944,3.917,4.907,8.54,9.064,11.182,12.318,14.009,15.105,16.923,17.922,19.866,20.846,22.867,23.439,25.295
SJ5003,1.087,5.462,6.57,10.921,12.161,15.307,16.559,18.5,19.572,21.633,22.62,25.308,26.308,28.887,29.935,32.213
SJ5004,0.981,5.378,6.367,10.339,10.904,13.679,14.636,16.486,17.454,19.696,20.685,22.873,23.84,26.213,27.169,29.063
SJ5005,1.082,5.752,6.9,10.895,11.508,13.584,13.738,15.408,15.701,17.474,17.49,19.393,19.496,21.563,21.649,23.569
SJ5006,0.663,4.676,5.047,9.15,10.175,12.235,12.747,14.072,14.55,16.214,16.552,18.348,18.826,20.556,20.853,22.161
SJ5007,0.41,5.319,5.778,10.372,10.796,12.72,13.119,14.566,14.718,16.327,16.836,18.538,19.039,20.827,21.242,22.689
SJ5008,0.642,6.16,7.309,12.587,13.105,14.961,15.377,16.806,17.213,18.717,19.253,20.803,21.646,23.353,23.538,25.152
SJ5009,0.21,5.633,6.375,11.579,12.945,15.034,16.213,17.723,18.41,20.051,21.099,23.155,24.302,26.511,27.56,29.506
SJ5010,0.276,4.837,5.817,10.001,10.487,12.34,12.7,13.777,14.011,15.456,15.879,17.505,17.668,19.31,19.552,20.872
SJ5011,0.921,5.027,5.973,10.232,10.867,12.437,13.207,14.35,15.445,16.876,18.008,19.931,20.394,22.29,23.44,24.936
SJ5012,1.64,6.565,7.997,12.183,14.558,16.333,18.3,19.506,20.585,21.894,22.393,23.839,25.089,27.08,28.329,29.945
SJ5014,0.972,5.565,6.868,11.405,12.228,14.949,15.873,17.791,18.882,20.532,21.401,23.386,24.165,26.35,27.397,29.504
SJ5015,1.709,6.6,7.459,14.238,15.399,16.998,17.76,19.128,20.35,22.276,23.352,24.83,26.015,28.001,28.908,31.475
SJ5016,0.549,4.868,6.637,10.595,13.364,15.122,17.088,18.439,19.928,21.105,22.524,23.747,25.003,26.575,27.889,29.88
SJ5017,1.972,6.462,7.591,12.103,13.415,14.87,15.945,17.023,18.292,19.305,20.542,22.028,23.082,24.58,25.601,27.357
SJ5018,1.49,5.568,6.668,10.44,11.447,13.826,15.265,16.895,18.229,19.671,21.181,22.857,24.227,26.477,27.858,29.487
SJ5019,1.066,5.699,7.116,11.512,13.319,15.27,16.45,17.952,19.168,21.012,22.145,24.037,25.005,27.215,28.337,30.158
SJ5020,1.052,5.713,6.762,10.875,12.548,14.616,15.348,16.76,17.776,19.385,20.215,21.802,22.709,24.767,26.166,28.07
SJ5021,2.417,6.19,6.829,9.144,11.635,14.212,15.262,16.858,17.912,19.485,20.652,22.506,23.504,25.628,26.66,28.525
SJ6001,0.217,5.757,6.112,12.711,13.047,15.213,15.615,17.265,17.761,19.392,19.729,21.67,21.931,23.797,24.049,25.587
SJ6002,0.099,6.156,6.677,13.005,13.497,16.023,16.583,17.851,18.479,20.028,20.317,22.011,22.474,24.246,24.68,26.268
SJ6003,0.198,5.693,5.924,11.482,11.972,13.956,14.563,15.806,16.278,17.842,18.118,19.781,20.146,22.023,23.023,24.509
SJ6004,0.295,6.097,6.328,12.383,13.311,15.693,16.065,17.55,18.194,20.072,20.394,22.504,22.805,25.026,25.267,27.448
SJ6005,0.581,6.899,7.236,13.408,14.141,16.006,16.536,17.812,18.284,19.647,20.042,21.579,21.877,23.684,24.33,26.379
SJ6006,0.054,5.662,6.165,13.903,14.396,16.362,16.659,18.245,18.624,20.333,20.898,22.977,23.295,25.529,25.929,27.803
SJ6007,0.442,5.847,6.191,11.898,12.044,13.927,13.995,15.472,15.618,17.164,17.526,19.141,19.408,21.213,21.601,23.466
SJ6008,0.32,5.792,6.193,12.41,12.618,14.258,14.492,15.848,16.157,17.504,17.788,19.278,19.603,21.269,21.461,22.817
SJ7001,0.43,6.588,8.164,13.753,16.409,18.569,19.304,20.978,21.854,23.41,24.476,26.209,27.181,29.128,29.862,31.583
Sj30001,0.063,3.507,3.567,6.392,7.414,9.095,9.773,11.324,11.88,13.4,14.0259,1616.515,17.362,19.095,19.163,20.828
Sj30002,0.069,3.764,4.765,9.177,10.201,12.026,12.115,13.537,13.872,15.159,15.48,17.171,17.267,18.853,18.935,20.409
Sj30003,0.019,5.234,6.273,11.4,12.475,14.562,14.673,16.255,16.604,18.197,18.309,20.025,20.505,22.378,22.464,23.935
Sj30004,0.009,5.042,6.029,11.121,12.126,14.113,14.296,15.871,16.247,17.805,17.9,19.712,20.017,21.855,21.968,23.517
Sj30005,0,5.011,5.975,11.425,12.437,14.529,14.922,16.301,16.741,18.43,18.748,20.746,21.224,23.194,23.999,25.538
Sj30006,0,4.606,5.669,10.858,11.883,14.387,15.095,16.688,17.282,19.105,19.679,21.847,22.431,24.398,24.723,26.309
Sj30007,0,5.073,6.057,11.443,12.418,14.533,15.096,16.8,17.536,19.192,19.774,21.659,22.07,24.022,24.576,26.165
Sj30008,0,4.706,5.658,10.414,12.455,14.687,15.985,17.589,18.583,20.165,20.981,22.888,23.987,26.104,26.773,28.565
